cohort,record_id,subject_id,record_path,cache_path,num_beats,num_segments
"01.Holter(Local Clinic), 124 records)",DN028_7127_20210811,"01.Holter(Local Clinic), 124 records)::DN028","/tmp/hicardi_01only/01.Holter(Local Clinic), 124 records)/DN028_7127_20210811.mat","/home/isplab/workspace/ECG_Classification_HiCardi/hicardi_beat_cache_01holter/cohorts/01.Holter(Local Clinic), 124 records)/DN028_7127_20210811",69150,42
"01.Holter(Local Clinic), 124 records)",DN092_7149_20211013,"01.Holter(Local Clinic), 124 records)::DN092","/tmp/hicardi_01only/01.Holter(Local Clinic), 124 records)/DN092_7149_20211013.mat","/home/isplab/workspace/ECG_Classification_HiCardi/hicardi_beat_cache_01holter/cohorts/01.Holter(Local Clinic), 124 records)/DN092_7149_20211013",72576,28
"01.Holter(Local Clinic), 124 records)",DN006_7116_20210814,"01.Holter(Local Clinic), 124 records)::DN006","/tmp/hicardi_01only/01.Holter(Local Clinic), 124 records)/DN006_7116_20210814.mat","/home/isplab/workspace/ECG_Classification_HiCardi/hicardi_beat_cache_01holter/cohorts/01.Holter(Local Clinic), 124 records)/DN006_7116_20210814",50904,221
"01.Holter(Local Clinic), 124 records)",DN064_7140_20210915,"01.Holter(Local Clinic), 124 records)::DN064","/tmp/hicardi_01only/01.Holter(Local Clinic), 124 records)/DN064_7140_20210915.mat","/home/isplab/workspace/ECG_Classification_HiCardi/hicardi_beat_cache_01holter/cohorts/01.Holter(Local Clinic), 124 records)/DN064_7140_20210915",71326,2
"01.Holter(Local Clinic), 124 records)",DN026_7126_20210823,"01.Holter(Local Clinic), 124 records)::DN026","/tmp/hicardi_01only/01.Holter(Local Clinic), 124 records)/DN026_7126_20210823.mat","/home/isplab/workspace/ECG_Classification_HiCardi/hicardi_beat_cache_01holter/cohorts/01.Holter(Local Clinic), 124 records)/DN026_7126_20210823",23180,1
"01.Holter(Local Clinic), 124 records)",DN072_7144_20210831,"01.Holter(Local Clinic), 124 records)::DN072","/tmp/hicardi_01only/01.Holter(Local Clinic), 124 records)/DN072_7144_20210831.mat","/home/isplab/workspace/ECG_Classification_HiCardi/hicardi_beat_cache_01holter/cohorts/01.Holter(Local Clinic), 124 records)/DN072_7144_20210831",43930,9
"01.Holter(Local Clinic), 124 records)",DN005_7001_20211016,"01.Holter(Local Clinic), 124 records)::DN005","/tmp/hicardi_01only/01.Holter(Local Clinic), 124 records)/DN005_7001_20211016.mat","/home/isplab/workspace/ECG_Classification_HiCardi/hicardi_beat_cache_01holter/cohorts/01.Holter(Local Clinic), 124 records)/DN005_7001_20211016",57126,43
"01.Holter(Local Clinic), 124 records)",DN019_7120_20211004,"01.Holter(Local Clinic), 124 records)::DN019","/tmp/hicardi_01only/01.Holter(Local Clinic), 124 records)/DN019_7120_20211004.mat","/home/isplab/workspace/ECG_Classification_HiCardi/hicardi_beat_cache_01holter/cohorts/01.Holter(Local Clinic), 124 records)/DN019_7120_20211004",57798,38
"01.Holter(Local Clinic), 124 records)",DN121_7150_20211022,"01.Holter(Local Clinic), 124 records)::DN121","/tmp/hicardi_01only/01.Holter(Local Clinic), 124 records)/DN121_7150_20211022.mat","/home/isplab/workspace/ECG_Classification_HiCardi/hicardi_beat_cache_01holter/cohorts/01.Holter(Local Clinic), 124 records)/DN121_7150_20211022",66279,219
"01.Holter(Local Clinic), 124 records)",DN081_7149_20210907,"01.Holter(Local Clinic), 124 records)::DN081","/tmp/hicardi_01only/01.Holter(Local Clinic), 124 records)/DN081_7149_20210907.mat","/home/isplab/workspace/ECG_Classification_HiCardi/hicardi_beat_cache_01holter/cohorts/01.Holter(Local Clinic), 124 records)/DN081_7149_20210907",71921,3
"01.Holter(Local Clinic), 124 records)",DN101_7150_20210903,"01.Holter(Local Clinic), 124 records)::DN101","/tmp/hicardi_01only/01.Holter(Local Clinic), 124 records)/DN101_7150_20210903.mat","/home/isplab/workspace/ECG_Classification_HiCardi/hicardi_beat_cache_01holter/cohorts/01.Holter(Local Clinic), 124 records)/DN101_7150_20210903",28065,4
"01.Holter(Local Clinic), 124 records)",DN021_7122_20210811,"01.Holter(Local Clinic), 124 records)::DN021","/tmp/hicardi_01only/01.Holter(Local Clinic), 124 records)/DN021_7122_20210811.mat","/home/isplab/workspace/ECG_Classification_HiCardi/hicardi_beat_cache_01holter/cohorts/01.Holter(Local Clinic), 124 records)/DN021_7122_20210811",55423,23
"01.Holter(Local Clinic), 124 records)",DN091_7149_20211006,"01.Holter(Local Clinic), 124 records)::DN091","/tmp/hicardi_01only/01.Holter(Local Clinic), 124 records)/DN091_7149_20211006.mat","/home/isplab/workspace/ECG_Classification_HiCardi/hicardi_beat_cache_01holter/cohorts/01.Holter(Local Clinic), 124 records)/DN091_7149_20211006",46649,234
"01.Holter(Local Clinic), 124 records)",DN116_7150_20211011,"01.Holter(Local Clinic), 124 records)::DN116","/tmp/hicardi_01only/01.Holter(Local Clinic), 124 records)/DN116_7150_20211011.mat","/home/isplab/workspace/ECG_Classification_HiCardi/hicardi_beat_cache_01holter/cohorts/01.Holter(Local Clinic), 124 records)/DN116_7150_20211011",59236,109
"01.Holter(Local Clinic), 124 records)",DN034_7128_20210929,"01.Holter(Local Clinic), 124 records)::DN034","/tmp/hicardi_01only/01.Holter(Local Clinic), 124 records)/DN034_7128_20210929.mat","/home/isplab/workspace/ECG_Classification_HiCardi/hicardi_beat_cache_01holter/cohorts/01.Holter(Local Clinic), 124 records)/DN034_7128_20210929",10568,25
"01.Holter(Local Clinic), 124 records)",DN022_7125_20210802,"01.Holter(Local Clinic), 124 records)::DN022","/tmp/hicardi_01only/01.Holter(Local Clinic), 124 records)/DN022_7125_20210802.mat","/home/isplab/workspace/ECG_Classification_HiCardi/hicardi_beat_cache_01holter/cohorts/01.Holter(Local Clinic), 124 records)/DN022_7125_20210802",70974,17
"01.Holter(Local Clinic), 124 records)",DN004_7001_20211015,"01.Holter(Local Clinic), 124 records)::DN004","/tmp/hicardi_01only/01.Holter(Local Clinic), 124 records)/DN004_7001_20211015.mat","/home/isplab/workspace/ECG_Classification_HiCardi/hicardi_beat_cache_01holter/cohorts/01.Holter(Local Clinic), 124 records)/DN004_7001_20211015",53118,125
"01.Holter(Local Clinic), 124 records)",DN077_7149_20210830,"01.Holter(Local Clinic), 124 records)::DN077","/tmp/hicardi_01only/01.Holter(Local Clinic), 124 records)/DN077_7149_20210830.mat","/home/isplab/workspace/ECG_Classification_HiCardi/hicardi_beat_cache_01holter/cohorts/01.Holter(Local Clinic), 124 records)/DN077_7149_20210830",69211,86
"01.Holter(Local Clinic), 124 records)",DN001_7000_20210927,"01.Holter(Local Clinic), 124 records)::DN001","/tmp/hicardi_01only/01.Holter(Local Clinic), 124 records)/DN001_7000_20210927.mat","/home/isplab/workspace/ECG_Classification_HiCardi/hicardi_beat_cache_01holter/cohorts/01.Holter(Local Clinic), 124 records)/DN001_7000_20210927",62453,12
"01.Holter(Local Clinic), 124 records)",DN100_7150_20210901,"01.Holter(Local Clinic), 124 records)::DN100","/tmp/hicardi_01only/01.Holter(Local Clinic), 124 records)/DN100_7150_20210901.mat","/home/isplab/workspace/ECG_Classification_HiCardi/hicardi_beat_cache_01holter/cohorts/01.Holter(Local Clinic), 124 records)/DN100_7150_20210901",44633,278
"01.Holter(Local Clinic), 124 records)",DN025_7125_20210915,"01.Holter(Local Clinic), 124 records)::DN025","/tmp/hicardi_01only/01.Holter(Local Clinic), 124 records)/DN025_7125_20210915.mat","/home/isplab/workspace/ECG_Classification_HiCardi/hicardi_beat_cache_01holter/cohorts/01.Holter(Local Clinic), 124 records)/DN025_7125_20210915",26251,74
"01.Holter(Local Clinic), 124 records)",DN083_7149_20210913,"01.Holter(Local Clinic), 124 records)::DN083","/tmp/hicardi_01only/01.Holter(Local Clinic), 124 records)/DN083_7149_20210913.mat","/home/isplab/workspace/ECG_Classification_HiCardi/hicardi_beat_cache_01holter/cohorts/01.Holter(Local Clinic), 124 records)/DN083_7149_20210913",74369,66
"01.Holter(Local Clinic), 124 records)",DN060_7140_20210819,"01.Holter(Local Clinic), 124 records)::DN060","/tmp/hicardi_01only/01.Holter(Local Clinic), 124 records)/DN060_7140_20210819.mat","/home/isplab/workspace/ECG_Classification_HiCardi/hicardi_beat_cache_01holter/cohorts/01.Holter(Local Clinic), 124 records)/DN060_7140_20210819",51226,11
"01.Holter(Local Clinic), 124 records)",DN008_7117_20210803,"01.Holter(Local Clinic), 124 records)::DN008","/tmp/hicardi_01only/01.Holter(Local Clinic), 124 records)/DN008_7117_20210803.mat","/home/isplab/workspace/ECG_Classification_HiCardi/hicardi_beat_cache_01holter/cohorts/01.Holter(Local Clinic), 124 records)/DN008_7117_20210803",74841,50
"01.Holter(Local Clinic), 124 records)",DN029_7127_20210914,"01.Holter(Local Clinic), 124 records)::DN029","/tmp/hicardi_01only/01.Holter(Local Clinic), 124 records)/DN029_7127_20210914.mat","/home/isplab/workspace/ECG_Classification_HiCardi/hicardi_beat_cache_01holter/cohorts/01.Holter(Local Clinic), 124 records)/DN029_7127_20210914",80791,6
"01.Holter(Local Clinic), 124 records)",DN087_7149_20210928,"01.Holter(Local Clinic), 124 records)::DN087","/tmp/hicardi_01only/01.Holter(Local Clinic), 124 records)/DN087_7149_20210928.mat","/home/isplab/workspace/ECG_Classification_HiCardi/hicardi_beat_cache_01holter/cohorts/01.Holter(Local Clinic), 124 records)/DN087_7149_20210928",53849,6
"01.Holter(Local Clinic), 124 records)",DN079_7149_20210901,"01.Holter(Local Clinic), 124 records)::DN079","/tmp/hicardi_01only/01.Holter(Local Clinic), 124 records)/DN079_7149_20210901.mat","/home/isplab/workspace/ECG_Classification_HiCardi/hicardi_beat_cache_01holter/cohorts/01.Holter(Local Clinic), 124 records)/DN079_7149_20210901",48562,142
"01.Holter(Local Clinic), 124 records)",DN122_7256_20211021,"01.Holter(Local Clinic), 124 records)::DN122","/tmp/hicardi_01only/01.Holter(Local Clinic), 124 records)/DN122_7256_20211021.mat","/home/isplab/workspace/ECG_Classification_HiCardi/hicardi_beat_cache_01holter/cohorts/01.Holter(Local Clinic), 124 records)/DN122_7256_20211021",9217,3
"01.Holter(Local Clinic), 124 records)",DN076_7149_20210826,"01.Holter(Local Clinic), 124 records)::DN076","/tmp/hicardi_01only/01.Holter(Local Clinic), 124 records)/DN076_7149_20210826.mat","/home/isplab/workspace/ECG_Classification_HiCardi/hicardi_beat_cache_01holter/cohorts/01.Holter(Local Clinic), 124 records)/DN076_7149_20210826",54707,5
"01.Holter(Local Clinic), 124 records)",DN027_7126_20210903,"01.Holter(Local Clinic), 124 records)::DN027","/tmp/hicardi_01only/01.Holter(Local Clinic), 124 records)/DN027_7126_20210903.mat","/home/isplab/workspace/ECG_Classification_HiCardi/hicardi_beat_cache_01holter/cohorts/01.Holter(Local Clinic), 124 records)/DN027_7126_20210903",30454,20
"01.Holter(Local Clinic), 124 records)",DN084_7149_20210915,"01.Holter(Local Clinic), 124 records)::DN084","/tmp/hicardi_01only/01.Holter(Local Clinic), 124 records)/DN084_7149_20210915.mat","/home/isplab/workspace/ECG_Classification_HiCardi/hicardi_beat_cache_01holter/cohorts/01.Holter(Local Clinic), 124 records)/DN084_7149_20210915",63502,13
"01.Holter(Local Clinic), 124 records)",DN109_7150_20210917,"01.Holter(Local Clinic), 124 records)::DN109","/tmp/hicardi_01only/01.Holter(Local Clinic), 124 records)/DN109_7150_20210917.mat","/home/isplab/workspace/ECG_Classification_HiCardi/hicardi_beat_cache_01holter/cohorts/01.Holter(Local Clinic), 124 records)/DN109_7150_20210917",67962,4
"01.Holter(Local Clinic), 124 records)",DN095_7150_20210818,"01.Holter(Local Clinic), 124 records)::DN095","/tmp/hicardi_01only/01.Holter(Local Clinic), 124 records)/DN095_7150_20210818.mat","/home/isplab/workspace/ECG_Classification_HiCardi/hicardi_beat_cache_01holter/cohorts/01.Holter(Local Clinic), 124 records)/DN095_7150_20210818",59434,51
"01.Holter(Local Clinic), 124 records)",DN047_7133_20210819,"01.Holter(Local Clinic), 124 records)::DN047","/tmp/hicardi_01only/01.Holter(Local Clinic), 124 records)/DN047_7133_20210819.mat","/home/isplab/workspace/ECG_Classification_HiCardi/hicardi_beat_cache_01holter/cohorts/01.Holter(Local Clinic), 124 records)/DN047_7133_20210819",49632,103
"01.Holter(Local Clinic), 124 records)",DN038_7129_20210830,"01.Holter(Local Clinic), 124 records)::DN038","/tmp/hicardi_01only/01.Holter(Local Clinic), 124 records)/DN038_7129_20210830.mat","/home/isplab/workspace/ECG_Classification_HiCardi/hicardi_beat_cache_01holter/cohorts/01.Holter(Local Clinic), 124 records)/DN038_7129_20210830",19062,15
"01.Holter(Local Clinic), 124 records)",DN085_7149_20210916,"01.Holter(Local Clinic), 124 records)::DN085","/tmp/hicardi_01only/01.Holter(Local Clinic), 124 records)/DN085_7149_20210916.mat","/home/isplab/workspace/ECG_Classification_HiCardi/hicardi_beat_cache_01holter/cohorts/01.Holter(Local Clinic), 124 records)/DN085_7149_20210916",43104,5
"01.Holter(Local Clinic), 124 records)",DN069_7141_20210911,"01.Holter(Local Clinic), 124 records)::DN069","/tmp/hicardi_01only/01.Holter(Local Clinic), 124 records)/DN069_7141_20210911.mat","/home/isplab/workspace/ECG_Classification_HiCardi/hicardi_beat_cache_01holter/cohorts/01.Holter(Local Clinic), 124 records)/DN069_7141_20210911",63541,56
"01.Holter(Local Clinic), 124 records)",DN082_7149_20210909,"01.Holter(Local Clinic), 124 records)::DN082","/tmp/hicardi_01only/01.Holter(Local Clinic), 124 records)/DN082_7149_20210909.mat","/home/isplab/workspace/ECG_Classification_HiCardi/hicardi_beat_cache_01holter/cohorts/01.Holter(Local Clinic), 124 records)/DN082_7149_20210909",81929,10
"01.Holter(Local Clinic), 124 records)",DN057_7139_20210826,"01.Holter(Local Clinic), 124 records)::DN057","/tmp/hicardi_01only/01.Holter(Local Clinic), 124 records)/DN057_7139_20210826.mat","/home/isplab/workspace/ECG_Classification_HiCardi/hicardi_beat_cache_01holter/cohorts/01.Holter(Local Clinic), 124 records)/DN057_7139_20210826",69675,46
"01.Holter(Local Clinic), 124 records)",DN102_7150_20210906,"01.Holter(Local Clinic), 124 records)::DN102","/tmp/hicardi_01only/01.Holter(Local Clinic), 124 records)/DN102_7150_20210906.mat","/home/isplab/workspace/ECG_Classification_HiCardi/hicardi_beat_cache_01holter/cohorts/01.Holter(Local Clinic), 124 records)/DN102_7150_20210906",72079,4
"01.Holter(Local Clinic), 124 records)",DN073_7149_20210817,"01.Holter(Local Clinic), 124 records)::DN073","/tmp/hicardi_01only/01.Holter(Local Clinic), 124 records)/DN073_7149_20210817.mat","/home/isplab/workspace/ECG_Classification_HiCardi/hicardi_beat_cache_01holter/cohorts/01.Holter(Local Clinic), 124 records)/DN073_7149_20210817",37151,20
"01.Holter(Local Clinic), 124 records)",DN039_7129_20210903,"01.Holter(Local Clinic), 124 records)::DN039","/tmp/hicardi_01only/01.Holter(Local Clinic), 124 records)/DN039_7129_20210903.mat","/home/isplab/workspace/ECG_Classification_HiCardi/hicardi_beat_cache_01holter/cohorts/01.Holter(Local Clinic), 124 records)/DN039_7129_20210903",61587,48
"01.Holter(Local Clinic), 124 records)",DN118_7150_20211015,"01.Holter(Local Clinic), 124 records)::DN118","/tmp/hicardi_01only/01.Holter(Local Clinic), 124 records)/DN118_7150_20211015.mat","/home/isplab/workspace/ECG_Classification_HiCardi/hicardi_beat_cache_01holter/cohorts/01.Holter(Local Clinic), 124 records)/DN118_7150_20211015",37119,164
"01.Holter(Local Clinic), 124 records)",DN124_7972_20210907,"01.Holter(Local Clinic), 124 records)::DN124","/tmp/hicardi_01only/01.Holter(Local Clinic), 124 records)/DN124_7972_20210907.mat","/home/isplab/workspace/ECG_Classification_HiCardi/hicardi_beat_cache_01holter/cohorts/01.Holter(Local Clinic), 124 records)/DN124_7972_20210907",63520,22
"01.Holter(Local Clinic), 124 records)",DN046_7133_20210816,"01.Holter(Local Clinic), 124 records)::DN046","/tmp/hicardi_01only/01.Holter(Local Clinic), 124 records)/DN046_7133_20210816.mat","/home/isplab/workspace/ECG_Classification_HiCardi/hicardi_beat_cache_01holter/cohorts/01.Holter(Local Clinic), 124 records)/DN046_7133_20210816",63730,34
"01.Holter(Local Clinic), 124 records)",DN074_7149_20210820,"01.Holter(Local Clinic), 124 records)::DN074","/tmp/hicardi_01only/01.Holter(Local Clinic), 124 records)/DN074_7149_20210820.mat","/home/isplab/workspace/ECG_Classification_HiCardi/hicardi_beat_cache_01holter/cohorts/01.Holter(Local Clinic), 124 records)/DN074_7149_20210820",28136,58
"01.Holter(Local Clinic), 124 records)",DN086_7149_20210927,"01.Holter(Local Clinic), 124 records)::DN086","/tmp/hicardi_01only/01.Holter(Local Clinic), 124 records)/DN086_7149_20210927.mat","/home/isplab/workspace/ECG_Classification_HiCardi/hicardi_beat_cache_01holter/cohorts/01.Holter(Local Clinic), 124 records)/DN086_7149_20210927",81997,15
"01.Holter(Local Clinic), 124 records)",DN003_7000_20211001,"01.Holter(Local Clinic), 124 records)::DN003","/tmp/hicardi_01only/01.Holter(Local Clinic), 124 records)/DN003_7000_20211001.mat","/home/isplab/workspace/ECG_Classification_HiCardi/hicardi_beat_cache_01holter/cohorts/01.Holter(Local Clinic), 124 records)/DN003_7000_20211001",31339,2
"01.Holter(Local Clinic), 124 records)",DN111_7150_20210927,"01.Holter(Local Clinic), 124 records)::DN111","/tmp/hicardi_01only/01.Holter(Local Clinic), 124 records)/DN111_7150_20210927.mat","/home/isplab/workspace/ECG_Classification_HiCardi/hicardi_beat_cache_01holter/cohorts/01.Holter(Local Clinic), 124 records)/DN111_7150_20210927",83778,12
"01.Holter(Local Clinic), 124 records)",DN051_7135_20211015,"01.Holter(Local Clinic), 124 records)::DN051","/tmp/hicardi_01only/01.Holter(Local Clinic), 124 records)/DN051_7135_20211015.mat","/home/isplab/workspace/ECG_Classification_HiCardi/hicardi_beat_cache_01holter/cohorts/01.Holter(Local Clinic), 124 records)/DN051_7135_20211015",103680,32
"01.Holter(Local Clinic), 124 records)",DN018_7120_20210917,"01.Holter(Local Clinic), 124 records)::DN018","/tmp/hicardi_01only/01.Holter(Local Clinic), 124 records)/DN018_7120_20210917.mat","/home/isplab/workspace/ECG_Classification_HiCardi/hicardi_beat_cache_01holter/cohorts/01.Holter(Local Clinic), 124 records)/DN018_7120_20210917",37592,73
"01.Holter(Local Clinic), 124 records)",DN071_7142_20210913,"01.Holter(Local Clinic), 124 records)::DN071","/tmp/hicardi_01only/01.Holter(Local Clinic), 124 records)/DN071_7142_20210913.mat","/home/isplab/workspace/ECG_Classification_HiCardi/hicardi_beat_cache_01holter/cohorts/01.Holter(Local Clinic), 124 records)/DN071_7142_20210913",69993,6
"01.Holter(Local Clinic), 124 records)",DN040_7129_20210907,"01.Holter(Local Clinic), 124 records)::DN040","/tmp/hicardi_01only/01.Holter(Local Clinic), 124 records)/DN040_7129_20210907.mat","/home/isplab/workspace/ECG_Classification_HiCardi/hicardi_beat_cache_01holter/cohorts/01.Holter(Local Clinic), 124 records)/DN040_7129_20210907",41293,50
"01.Holter(Local Clinic), 124 records)",DN043_7130_20210827,"01.Holter(Local Clinic), 124 records)::DN043","/tmp/hicardi_01only/01.Holter(Local Clinic), 124 records)/DN043_7130_20210827.mat","/home/isplab/workspace/ECG_Classification_HiCardi/hicardi_beat_cache_01holter/cohorts/01.Holter(Local Clinic), 124 records)/DN043_7130_20210827",59748,1
"01.Holter(Local Clinic), 124 records)",DN056_7139_20210819,"01.Holter(Local Clinic), 124 records)::DN056","/tmp/hicardi_01only/01.Holter(Local Clinic), 124 records)/DN056_7139_20210819.mat","/home/isplab/workspace/ECG_Classification_HiCardi/hicardi_beat_cache_01holter/cohorts/01.Holter(Local Clinic), 124 records)/DN056_7139_20210819",63566,18
"01.Holter(Local Clinic), 124 records)",DN106_7150_20210913,"01.Holter(Local Clinic), 124 records)::DN106","/tmp/hicardi_01only/01.Holter(Local Clinic), 124 records)/DN106_7150_20210913.mat","/home/isplab/workspace/ECG_Classification_HiCardi/hicardi_beat_cache_01holter/cohorts/01.Holter(Local Clinic), 124 records)/DN106_7150_20210913",66980,5
"01.Holter(Local Clinic), 124 records)",DN030_7127_20211011,"01.Holter(Local Clinic), 124 records)::DN030","/tmp/hicardi_01only/01.Holter(Local Clinic), 124 records)/DN030_7127_20211011.mat","/home/isplab/workspace/ECG_Classification_HiCardi/hicardi_beat_cache_01holter/cohorts/01.Holter(Local Clinic), 124 records)/DN030_7127_20211011",56148,19
"01.Holter(Local Clinic), 124 records)",DN096_7150_20210823,"01.Holter(Local Clinic), 124 records)::DN096","/tmp/hicardi_01only/01.Holter(Local Clinic), 124 records)/DN096_7150_20210823.mat","/home/isplab/workspace/ECG_Classification_HiCardi/hicardi_beat_cache_01holter/cohorts/01.Holter(Local Clinic), 124 records)/DN096_7150_20210823",55678,106
"01.Holter(Local Clinic), 124 records)",DN052_7136_20210830,"01.Holter(Local Clinic), 124 records)::DN052","/tmp/hicardi_01only/01.Holter(Local Clinic), 124 records)/DN052_7136_20210830.mat","/home/isplab/workspace/ECG_Classification_HiCardi/hicardi_beat_cache_01holter/cohorts/01.Holter(Local Clinic), 124 records)/DN052_7136_20210830",64443,70
"01.Holter(Local Clinic), 124 records)",DN119_7150_20211018,"01.Holter(Local Clinic), 124 records)::DN119","/tmp/hicardi_01only/01.Holter(Local Clinic), 124 records)/DN119_7150_20211018.mat","/home/isplab/workspace/ECG_Classification_HiCardi/hicardi_beat_cache_01holter/cohorts/01.Holter(Local Clinic), 124 records)/DN119_7150_20211018",76360,6
"01.Holter(Local Clinic), 124 records)",DN053_7138_20210824,"01.Holter(Local Clinic), 124 records)::DN053","/tmp/hicardi_01only/01.Holter(Local Clinic), 124 records)/DN053_7138_20210824.mat","/home/isplab/workspace/ECG_Classification_HiCardi/hicardi_beat_cache_01holter/cohorts/01.Holter(Local Clinic), 124 records)/DN053_7138_20210824",33220,439
"01.Holter(Local Clinic), 124 records)",DN011_7118_20210811,"01.Holter(Local Clinic), 124 records)::DN011","/tmp/hicardi_01only/01.Holter(Local Clinic), 124 records)/DN011_7118_20210811.mat","/home/isplab/workspace/ECG_Classification_HiCardi/hicardi_beat_cache_01holter/cohorts/01.Holter(Local Clinic), 124 records)/DN011_7118_20210811",27758,62
"01.Holter(Local Clinic), 124 records)",DN016_7119_20210915,"01.Holter(Local Clinic), 124 records)::DN016","/tmp/hicardi_01only/01.Holter(Local Clinic), 124 records)/DN016_7119_20210915.mat","/home/isplab/workspace/ECG_Classification_HiCardi/hicardi_beat_cache_01holter/cohorts/01.Holter(Local Clinic), 124 records)/DN016_7119_20210915",62128,12
"01.Holter(Local Clinic), 124 records)",DN065_7141_20210812,"01.Holter(Local Clinic), 124 records)::DN065","/tmp/hicardi_01only/01.Holter(Local Clinic), 124 records)/DN065_7141_20210812.mat","/home/isplab/workspace/ECG_Classification_HiCardi/hicardi_beat_cache_01holter/cohorts/01.Holter(Local Clinic), 124 records)/DN065_7141_20210812",63023,49
"01.Holter(Local Clinic), 124 records)",DN013_7119_20210806,"01.Holter(Local Clinic), 124 records)::DN013","/tmp/hicardi_01only/01.Holter(Local Clinic), 124 records)/DN013_7119_20210806.mat","/home/isplab/workspace/ECG_Classification_HiCardi/hicardi_beat_cache_01holter/cohorts/01.Holter(Local Clinic), 124 records)/DN013_7119_20210806",58589,8
"01.Holter(Local Clinic), 124 records)",DN094_7149_20211015,"01.Holter(Local Clinic), 124 records)::DN094","/tmp/hicardi_01only/01.Holter(Local Clinic), 124 records)/DN094_7149_20211015.mat","/home/isplab/workspace/ECG_Classification_HiCardi/hicardi_beat_cache_01holter/cohorts/01.Holter(Local Clinic), 124 records)/DN094_7149_20211015",67398,17
"01.Holter(Local Clinic), 124 records)",DN078_7149_20210831,"01.Holter(Local Clinic), 124 records)::DN078","/tmp/hicardi_01only/01.Holter(Local Clinic), 124 records)/DN078_7149_20210831.mat","/home/isplab/workspace/ECG_Classification_HiCardi/hicardi_beat_cache_01holter/cohorts/01.Holter(Local Clinic), 124 records)/DN078_7149_20210831",74657,25
"01.Holter(Local Clinic), 124 records)",DN033_7128_20210925,"01.Holter(Local Clinic), 124 records)::DN033","/tmp/hicardi_01only/01.Holter(Local Clinic), 124 records)/DN033_7128_20210925.mat","/home/isplab/workspace/ECG_Classification_HiCardi/hicardi_beat_cache_01holter/cohorts/01.Holter(Local Clinic), 124 records)/DN033_7128_20210925",70366,65
"01.Holter(Local Clinic), 124 records)",DN112_7150_20210928,"01.Holter(Local Clinic), 124 records)::DN112","/tmp/hicardi_01only/01.Holter(Local Clinic), 124 records)/DN112_7150_20210928.mat","/home/isplab/workspace/ECG_Classification_HiCardi/hicardi_beat_cache_01holter/cohorts/01.Holter(Local Clinic), 124 records)/DN112_7150_20210928",51094,26
"01.Holter(Local Clinic), 124 records)",DN014_7119_20210820,"01.Holter(Local Clinic), 124 records)::DN014","/tmp/hicardi_01only/01.Holter(Local Clinic), 124 records)/DN014_7119_20210820.mat","/home/isplab/workspace/ECG_Classification_HiCardi/hicardi_beat_cache_01holter/cohorts/01.Holter(Local Clinic), 124 records)/DN014_7119_20210820",57231,90
"01.Holter(Local Clinic), 124 records)",DN110_7150_20210923,"01.Holter(Local Clinic), 124 records)::DN110","/tmp/hicardi_01only/01.Holter(Local Clinic), 124 records)/DN110_7150_20210923.mat","/home/isplab/workspace/ECG_Classification_HiCardi/hicardi_beat_cache_01holter/cohorts/01.Holter(Local Clinic), 124 records)/DN110_7150_20210923",22914,252
"01.Holter(Local Clinic), 124 records)",DN089_7149_20211001,"01.Holter(Local Clinic), 124 records)::DN089","/tmp/hicardi_01only/01.Holter(Local Clinic), 124 records)/DN089_7149_20211001.mat","/home/isplab/workspace/ECG_Classification_HiCardi/hicardi_beat_cache_01holter/cohorts/01.Holter(Local Clinic), 124 records)/DN089_7149_20211001",66704,21
"01.Holter(Local Clinic), 124 records)",DN075_7149_20210824,"01.Holter(Local Clinic), 124 records)::DN075","/tmp/hicardi_01only/01.Holter(Local Clinic), 124 records)/DN075_7149_20210824.mat","/home/isplab/workspace/ECG_Classification_HiCardi/hicardi_beat_cache_01holter/cohorts/01.Holter(Local Clinic), 124 records)/DN075_7149_20210824",56227,27
"01.Holter(Local Clinic), 124 records)",DN093_7149_20211014,"01.Holter(Local Clinic), 124 records)::DN093","/tmp/hicardi_01only/01.Holter(Local Clinic), 124 records)/DN093_7149_20211014.mat","/home/isplab/workspace/ECG_Classification_HiCardi/hicardi_beat_cache_01holter/cohorts/01.Holter(Local Clinic), 124 records)/DN093_7149_20211014",67248,5
"01.Holter(Local Clinic), 124 records)",DN123_7258_20211021,"01.Holter(Local Clinic), 124 records)::DN123","/tmp/hicardi_01only/01.Holter(Local Clinic), 124 records)/DN123_7258_20211021.mat","/home/isplab/workspace/ECG_Classification_HiCardi/hicardi_beat_cache_01holter/cohorts/01.Holter(Local Clinic), 124 records)/DN123_7258_20211021",1001,1
"01.Holter(Local Clinic), 124 records)",DN107_7150_20210914,"01.Holter(Local Clinic), 124 records)::DN107","/tmp/hicardi_01only/01.Holter(Local Clinic), 124 records)/DN107_7150_20210914.mat","/home/isplab/workspace/ECG_Classification_HiCardi/hicardi_beat_cache_01holter/cohorts/01.Holter(Local Clinic), 124 records)/DN107_7150_20210914",62688,155
"01.Holter(Local Clinic), 124 records)",DN080_7149_20210903,"01.Holter(Local Clinic), 124 records)::DN080","/tmp/hicardi_01only/01.Holter(Local Clinic), 124 records)/DN080_7149_20210903.mat","/home/isplab/workspace/ECG_Classification_HiCardi/hicardi_beat_cache_01holter/cohorts/01.Holter(Local Clinic), 124 records)/DN080_7149_20210903",74909,17
"01.Holter(Local Clinic), 124 records)",DN044_7130_20210903,"01.Holter(Local Clinic), 124 records)::DN044","/tmp/hicardi_01only/01.Holter(Local Clinic), 124 records)/DN044_7130_20210903.mat","/home/isplab/workspace/ECG_Classification_HiCardi/hicardi_beat_cache_01holter/cohorts/01.Holter(Local Clinic), 124 records)/DN044_7130_20210903",59472,219
"01.Holter(Local Clinic), 124 records)",DN113_7150_20210930,"01.Holter(Local Clinic), 124 records)::DN113","/tmp/hicardi_01only/01.Holter(Local Clinic), 124 records)/DN113_7150_20210930.mat","/home/isplab/workspace/ECG_Classification_HiCardi/hicardi_beat_cache_01holter/cohorts/01.Holter(Local Clinic), 124 records)/DN113_7150_20210930",58932,16
"01.Holter(Local Clinic), 124 records)",DN031_7128_20210820,"01.Holter(Local Clinic), 124 records)::DN031","/tmp/hicardi_01only/01.Holter(Local Clinic), 124 records)/DN031_7128_20210820.mat","/home/isplab/workspace/ECG_Classification_HiCardi/hicardi_beat_cache_01holter/cohorts/01.Holter(Local Clinic), 124 records)/DN031_7128_20210820",49215,6
"01.Holter(Local Clinic), 124 records)",DN017_7120_20210909,"01.Holter(Local Clinic), 124 records)::DN017","/tmp/hicardi_01only/01.Holter(Local Clinic), 124 records)/DN017_7120_20210909.mat","/home/isplab/workspace/ECG_Classification_HiCardi/hicardi_beat_cache_01holter/cohorts/01.Holter(Local Clinic), 124 records)/DN017_7120_20210909",32755,83
"01.Holter(Local Clinic), 124 records)",DN066_7141_20210821,"01.Holter(Local Clinic), 124 records)::DN066","/tmp/hicardi_01only/01.Holter(Local Clinic), 124 records)/DN066_7141_20210821.mat","/home/isplab/workspace/ECG_Classification_HiCardi/hicardi_beat_cache_01holter/cohorts/01.Holter(Local Clinic), 124 records)/DN066_7141_20210821",69319,18
"01.Holter(Local Clinic), 124 records)",DN020_7121_20210910,"01.Holter(Local Clinic), 124 records)::DN020","/tmp/hicardi_01only/01.Holter(Local Clinic), 124 records)/DN020_7121_20210910.mat","/home/isplab/workspace/ECG_Classification_HiCardi/hicardi_beat_cache_01holter/cohorts/01.Holter(Local Clinic), 124 records)/DN020_7121_20210910",25488,38
"01.Holter(Local Clinic), 124 records)",DN117_7150_20211013,"01.Holter(Local Clinic), 124 records)::DN117","/tmp/hicardi_01only/01.Holter(Local Clinic), 124 records)/DN117_7150_20211013.mat","/home/isplab/workspace/ECG_Classification_HiCardi/hicardi_beat_cache_01holter/cohorts/01.Holter(Local Clinic), 124 records)/DN117_7150_20211013",69804,46
"01.Holter(Local Clinic), 124 records)",DN097_7150_20210825,"01.Holter(Local Clinic), 124 records)::DN097","/tmp/hicardi_01only/01.Holter(Local Clinic), 124 records)/DN097_7150_20210825.mat","/home/isplab/workspace/ECG_Classification_HiCardi/hicardi_beat_cache_01holter/cohorts/01.Holter(Local Clinic), 124 records)/DN097_7150_20210825",65600,22
"01.Holter(Local Clinic), 124 records)",DN070_7142_20210819,"01.Holter(Local Clinic), 124 records)::DN070","/tmp/hicardi_01only/01.Holter(Local Clinic), 124 records)/DN070_7142_20210819.mat","/home/isplab/workspace/ECG_Classification_HiCardi/hicardi_beat_cache_01holter/cohorts/01.Holter(Local Clinic), 124 records)/DN070_7142_20210819",74002,37
"01.Holter(Local Clinic), 124 records)",DN059_7139_20210913,"01.Holter(Local Clinic), 124 records)::DN059","/tmp/hicardi_01only/01.Holter(Local Clinic), 124 records)/DN059_7139_20210913.mat","/home/isplab/workspace/ECG_Classification_HiCardi/hicardi_beat_cache_01holter/cohorts/01.Holter(Local Clinic), 124 records)/DN059_7139_20210913",60198,7
"01.Holter(Local Clinic), 124 records)",DN048_7134_20210811,"01.Holter(Local Clinic), 124 records)::DN048","/tmp/hicardi_01only/01.Holter(Local Clinic), 124 records)/DN048_7134_20210811.mat","/home/isplab/workspace/ECG_Classification_HiCardi/hicardi_beat_cache_01holter/cohorts/01.Holter(Local Clinic), 124 records)/DN048_7134_20210811",59200,30
"01.Holter(Local Clinic), 124 records)",DN055_7138_20210914,"01.Holter(Local Clinic), 124 records)::DN055","/tmp/hicardi_01only/01.Holter(Local Clinic), 124 records)/DN055_7138_20210914.mat","/home/isplab/workspace/ECG_Classification_HiCardi/hicardi_beat_cache_01holter/cohorts/01.Holter(Local Clinic), 124 records)/DN055_7138_20210914",64362,6
"01.Holter(Local Clinic), 124 records)",DN099_7150_20210830,"01.Holter(Local Clinic), 124 records)::DN099","/tmp/hicardi_01only/01.Holter(Local Clinic), 124 records)/DN099_7150_20210830.mat","/home/isplab/workspace/ECG_Classification_HiCardi/hicardi_beat_cache_01holter/cohorts/01.Holter(Local Clinic), 124 records)/DN099_7150_20210830",54353,145
"01.Holter(Local Clinic), 124 records)",DN024_7125_20210903,"01.Holter(Local Clinic), 124 records)::DN024","/tmp/hicardi_01only/01.Holter(Local Clinic), 124 records)/DN024_7125_20210903.mat","/home/isplab/workspace/ECG_Classification_HiCardi/hicardi_beat_cache_01holter/cohorts/01.Holter(Local Clinic), 124 records)/DN024_7125_20210903",69610,26
"01.Holter(Local Clinic), 124 records)",DN067_7141_20210827,"01.Holter(Local Clinic), 124 records)::DN067","/tmp/hicardi_01only/01.Holter(Local Clinic), 124 records)/DN067_7141_20210827.mat","/home/isplab/workspace/ECG_Classification_HiCardi/hicardi_beat_cache_01holter/cohorts/01.Holter(Local Clinic), 124 records)/DN067_7141_20210827",67353,2
"01.Holter(Local Clinic), 124 records)",DN010_7118_20210806,"01.Holter(Local Clinic), 124 records)::DN010","/tmp/hicardi_01only/01.Holter(Local Clinic), 124 records)/DN010_7118_20210806.mat","/home/isplab/workspace/ECG_Classification_HiCardi/hicardi_beat_cache_01holter/cohorts/01.Holter(Local Clinic), 124 records)/DN010_7118_20210806",57702,83
"01.Holter(Local Clinic), 124 records)",DN058_7139_20210911,"01.Holter(Local Clinic), 124 records)::DN058","/tmp/hicardi_01only/01.Holter(Local Clinic), 124 records)/DN058_7139_20210911.mat","/home/isplab/workspace/ECG_Classification_HiCardi/hicardi_beat_cache_01holter/cohorts/01.Holter(Local Clinic), 124 records)/DN058_7139_20210911",72205,18
"01.Holter(Local Clinic), 124 records)",DN114_7150_20211005,"01.Holter(Local Clinic), 124 records)::DN114","/tmp/hicardi_01only/01.Holter(Local Clinic), 124 records)/DN114_7150_20211005.mat","/home/isplab/workspace/ECG_Classification_HiCardi/hicardi_beat_cache_01holter/cohorts/01.Holter(Local Clinic), 124 records)/DN114_7150_20211005",48263,7
"01.Holter(Local Clinic), 124 records)",DN088_7149_20210929,"01.Holter(Local Clinic), 124 records)::DN088","/tmp/hicardi_01only/01.Holter(Local Clinic), 124 records)/DN088_7149_20210929.mat","/home/isplab/workspace/ECG_Classification_HiCardi/hicardi_beat_cache_01holter/cohorts/01.Holter(Local Clinic), 124 records)/DN088_7149_20210929",35251,21
"01.Holter(Local Clinic), 124 records)",DN061_7140_20210824,"01.Holter(Local Clinic), 124 records)::DN061","/tmp/hicardi_01only/01.Holter(Local Clinic), 124 records)/DN061_7140_20210824.mat","/home/isplab/workspace/ECG_Classification_HiCardi/hicardi_beat_cache_01holter/cohorts/01.Holter(Local Clinic), 124 records)/DN061_7140_20210824",2970,4
"01.Holter(Local Clinic), 124 records)",DN032_7128_20210824,"01.Holter(Local Clinic), 124 records)::DN032","/tmp/hicardi_01only/01.Holter(Local Clinic), 124 records)/DN032_7128_20210824.mat","/home/isplab/workspace/ECG_Classification_HiCardi/hicardi_beat_cache_01holter/cohorts/01.Holter(Local Clinic), 124 records)/DN032_7128_20210824",68461,20
"01.Holter(Local Clinic), 124 records)",DN054_7138_20210911,"01.Holter(Local Clinic), 124 records)::DN054","/tmp/hicardi_01only/01.Holter(Local Clinic), 124 records)/DN054_7138_20210911.mat","/home/isplab/workspace/ECG_Classification_HiCardi/hicardi_beat_cache_01holter/cohorts/01.Holter(Local Clinic), 124 records)/DN054_7138_20210911",69420,55
"01.Holter(Local Clinic), 124 records)",DN049_7134_20210817,"01.Holter(Local Clinic), 124 records)::DN049","/tmp/hicardi_01only/01.Holter(Local Clinic), 124 records)/DN049_7134_20210817.mat","/home/isplab/workspace/ECG_Classification_HiCardi/hicardi_beat_cache_01holter/cohorts/01.Holter(Local Clinic), 124 records)/DN049_7134_20210817",60046,18
"01.Holter(Local Clinic), 124 records)",DN098_7150_20210827,"01.Holter(Local Clinic), 124 records)::DN098","/tmp/hicardi_01only/01.Holter(Local Clinic), 124 records)/DN098_7150_20210827.mat","/home/isplab/workspace/ECG_Classification_HiCardi/hicardi_beat_cache_01holter/cohorts/01.Holter(Local Clinic), 124 records)/DN098_7150_20210827",62719,23
"01.Holter(Local Clinic), 124 records)",DN007_7116_20210924,"01.Holter(Local Clinic), 124 records)::DN007","/tmp/hicardi_01only/01.Holter(Local Clinic), 124 records)/DN007_7116_20210924.mat","/home/isplab/workspace/ECG_Classification_HiCardi/hicardi_beat_cache_01holter/cohorts/01.Holter(Local Clinic), 124 records)/DN007_7116_20210924",65199,28
"01.Holter(Local Clinic), 124 records)",DN002_7000_20210928,"01.Holter(Local Clinic), 124 records)::DN002","/tmp/hicardi_01only/01.Holter(Local Clinic), 124 records)/DN002_7000_20210928.mat","/home/isplab/workspace/ECG_Classification_HiCardi/hicardi_beat_cache_01holter/cohorts/01.Holter(Local Clinic), 124 records)/DN002_7000_20210928",57143,7
"01.Holter(Local Clinic), 124 records)",DN063_7140_20210911,"01.Holter(Local Clinic), 124 records)::DN063","/tmp/hicardi_01only/01.Holter(Local Clinic), 124 records)/DN063_7140_20210911.mat","/home/isplab/workspace/ECG_Classification_HiCardi/hicardi_beat_cache_01holter/cohorts/01.Holter(Local Clinic), 124 records)/DN063_7140_20210911",76564,42
"01.Holter(Local Clinic), 124 records)",DN035_7128_20210930,"01.Holter(Local Clinic), 124 records)::DN035","/tmp/hicardi_01only/01.Holter(Local Clinic), 124 records)/DN035_7128_20210930.mat","/home/isplab/workspace/ECG_Classification_HiCardi/hicardi_beat_cache_01holter/cohorts/01.Holter(Local Clinic), 124 records)/DN035_7128_20210930",59482,21
"01.Holter(Local Clinic), 124 records)",DN036_7128_20211018,"01.Holter(Local Clinic), 124 records)::DN036","/tmp/hicardi_01only/01.Holter(Local Clinic), 124 records)/DN036_7128_20211018.mat","/home/isplab/workspace/ECG_Classification_HiCardi/hicardi_beat_cache_01holter/cohorts/01.Holter(Local Clinic), 124 records)/DN036_7128_20211018",14823,27
"01.Holter(Local Clinic), 124 records)",DN037_7129_20210823,"01.Holter(Local Clinic), 124 records)::DN037","/tmp/hicardi_01only/01.Holter(Local Clinic), 124 records)/DN037_7129_20210823.mat","/home/isplab/workspace/ECG_Classification_HiCardi/hicardi_beat_cache_01holter/cohorts/01.Holter(Local Clinic), 124 records)/DN037_7129_20210823",74230,132
"01.Holter(Local Clinic), 124 records)",DN045_7130_20210910,"01.Holter(Local Clinic), 124 records)::DN045","/tmp/hicardi_01only/01.Holter(Local Clinic), 124 records)/DN045_7130_20210910.mat","/home/isplab/workspace/ECG_Classification_HiCardi/hicardi_beat_cache_01holter/cohorts/01.Holter(Local Clinic), 124 records)/DN045_7130_20210910",56282,270
"01.Holter(Local Clinic), 124 records)",DN120_7150_20211019,"01.Holter(Local Clinic), 124 records)::DN120","/tmp/hicardi_01only/01.Holter(Local Clinic), 124 records)/DN120_7150_20211019.mat","/home/isplab/workspace/ECG_Classification_HiCardi/hicardi_beat_cache_01holter/cohorts/01.Holter(Local Clinic), 124 records)/DN120_7150_20211019",54582,6
"01.Holter(Local Clinic), 124 records)",DN012_7118_20210820,"01.Holter(Local Clinic), 124 records)::DN012","/tmp/hicardi_01only/01.Holter(Local Clinic), 124 records)/DN012_7118_20210820.mat","/home/isplab/workspace/ECG_Classification_HiCardi/hicardi_beat_cache_01holter/cohorts/01.Holter(Local Clinic), 124 records)/DN012_7118_20210820",51343,26
"01.Holter(Local Clinic), 124 records)",DN115_7150_20211007,"01.Holter(Local Clinic), 124 records)::DN115","/tmp/hicardi_01only/01.Holter(Local Clinic), 124 records)/DN115_7150_20211007.mat","/home/isplab/workspace/ECG_Classification_HiCardi/hicardi_beat_cache_01holter/cohorts/01.Holter(Local Clinic), 124 records)/DN115_7150_20211007",50845,9
"01.Holter(Local Clinic), 124 records)",DN062_7140_20210902,"01.Holter(Local Clinic), 124 records)::DN062","/tmp/hicardi_01only/01.Holter(Local Clinic), 124 records)/DN062_7140_20210902.mat","/home/isplab/workspace/ECG_Classification_HiCardi/hicardi_beat_cache_01holter/cohorts/01.Holter(Local Clinic), 124 records)/DN062_7140_20210902",52186,18
"01.Holter(Local Clinic), 124 records)",DN023_7125_20210812,"01.Holter(Local Clinic), 124 records)::DN023","/tmp/hicardi_01only/01.Holter(Local Clinic), 124 records)/DN023_7125_20210812.mat","/home/isplab/workspace/ECG_Classification_HiCardi/hicardi_beat_cache_01holter/cohorts/01.Holter(Local Clinic), 124 records)/DN023_7125_20210812",55409,40
"01.Holter(Local Clinic), 124 records)",DN042_7130_20210823,"01.Holter(Local Clinic), 124 records)::DN042","/tmp/hicardi_01only/01.Holter(Local Clinic), 124 records)/DN042_7130_20210823.mat","/home/isplab/workspace/ECG_Classification_HiCardi/hicardi_beat_cache_01holter/cohorts/01.Holter(Local Clinic), 124 records)/DN042_7130_20210823",66078,121
"01.Holter(Local Clinic), 124 records)",DN104_7150_20210909,"01.Holter(Local Clinic), 124 records)::DN104","/tmp/hicardi_01only/01.Holter(Local Clinic), 124 records)/DN104_7150_20210909.mat","/home/isplab/workspace/ECG_Classification_HiCardi/hicardi_beat_cache_01holter/cohorts/01.Holter(Local Clinic), 124 records)/DN104_7150_20210909",55998,83
"01.Holter(Local Clinic), 124 records)",DN105_7150_20210910,"01.Holter(Local Clinic), 124 records)::DN105","/tmp/hicardi_01only/01.Holter(Local Clinic), 124 records)/DN105_7150_20210910.mat","/home/isplab/workspace/ECG_Classification_HiCardi/hicardi_beat_cache_01holter/cohorts/01.Holter(Local Clinic), 124 records)/DN105_7150_20210910",44486,28
"01.Holter(Local Clinic), 124 records)",DN050_7134_20210918,"01.Holter(Local Clinic), 124 records)::DN050","/tmp/hicardi_01only/01.Holter(Local Clinic), 124 records)/DN050_7134_20210918.mat","/home/isplab/workspace/ECG_Classification_HiCardi/hicardi_beat_cache_01holter/cohorts/01.Holter(Local Clinic), 124 records)/DN050_7134_20210918",72839,17
"01.Holter(Local Clinic), 124 records)",DN015_7119_20210831,"01.Holter(Local Clinic), 124 records)::DN015","/tmp/hicardi_01only/01.Holter(Local Clinic), 124 records)/DN015_7119_20210831.mat","/home/isplab/workspace/ECG_Classification_HiCardi/hicardi_beat_cache_01holter/cohorts/01.Holter(Local Clinic), 124 records)/DN015_7119_20210831",51966,77
"01.Holter(Local Clinic), 124 records)",DN108_7150_20210916,"01.Holter(Local Clinic), 124 records)::DN108","/tmp/hicardi_01only/01.Holter(Local Clinic), 124 records)/DN108_7150_20210916.mat","/home/isplab/workspace/ECG_Classification_HiCardi/hicardi_beat_cache_01holter/cohorts/01.Holter(Local Clinic), 124 records)/DN108_7150_20210916",70621,150
"01.Holter(Local Clinic), 124 records)",DN068_7141_20210901,"01.Holter(Local Clinic), 124 records)::DN068","/tmp/hicardi_01only/01.Holter(Local Clinic), 124 records)/DN068_7141_20210901.mat","/home/isplab/workspace/ECG_Classification_HiCardi/hicardi_beat_cache_01holter/cohorts/01.Holter(Local Clinic), 124 records)/DN068_7141_20210901",70068,71
"01.Holter(Local Clinic), 124 records)",DN103_7150_20210907,"01.Holter(Local Clinic), 124 records)::DN103","/tmp/hicardi_01only/01.Holter(Local Clinic), 124 records)/DN103_7150_20210907.mat","/home/isplab/workspace/ECG_Classification_HiCardi/hicardi_beat_cache_01holter/cohorts/01.Holter(Local Clinic), 124 records)/DN103_7150_20210907",78373,50
"01.Holter(Local Clinic), 124 records)",DN009_7117_20210807,"01.Holter(Local Clinic), 124 records)::DN009","/tmp/hicardi_01only/01.Holter(Local Clinic), 124 records)/DN009_7117_20210807.mat","/home/isplab/workspace/ECG_Classification_HiCardi/hicardi_beat_cache_01holter/cohorts/01.Holter(Local Clinic), 124 records)/DN009_7117_20210807",35729,30
"01.Holter(Local Clinic), 124 records)",DN090_7149_20211005,"01.Holter(Local Clinic), 124 records)::DN090","/tmp/hicardi_01only/01.Holter(Local Clinic), 124 records)/DN090_7149_20211005.mat","/home/isplab/workspace/ECG_Classification_HiCardi/hicardi_beat_cache_01holter/cohorts/01.Holter(Local Clinic), 124 records)/DN090_7149_20211005",40096,145
"01.Holter(Local Clinic), 124 records)",DN041_7130_20210820,"01.Holter(Local Clinic), 124 records)::DN041","/tmp/hicardi_01only/01.Holter(Local Clinic), 124 records)/DN041_7130_20210820.mat","/home/isplab/workspace/ECG_Classification_HiCardi/hicardi_beat_cache_01holter/cohorts/01.Holter(Local Clinic), 124 records)/DN041_7130_20210820",71400,64
